<?xml version="1.0" encoding="UTF-8"?>
<!--UGC_VERSION = 1024-->
<XML_DOCUMENT xmlns:SOAP-ENC="http://schemas.xmlsoap.org/soap/encoding/">
    <PTC_HEADER>
        <VENDOR>Parametric Technology Corporation</VENDOR>
        <PRODUCT>Creo Parametric 4102024014</PRODUCT>
        <XML_VERSION>1.0</XML_VERSION>
        <HOST_NAME>VDI10</HOST_NAME>
        <USER>rbaudri</USER>
        <MACHINE_TYPE> Intel64 Family 6 Model 106 Stepping 6  GenuineIntel  2793 MHz</MACHINE_TYPE>
    </PTC_HEADER>
    <item item_type="4" pointer="TRUE" tag="SUMMARY OF IMPORT PROCESSING">
        <name pointer="TRUE" type="9">
            <value__PO__ws_val__PC__>Résumé du processus d'importation</value__PO__ws_val__PC__>
        </name>
        <item__PO__item_set__PC__ pointer="TRUE" tag="NULL">
            <name>NULL</name>
            <items SOAP-ENC:Array="[6]">
                <items_ENTRY item_type="2" pointer="TRUE" tag="Page info">
                    <name>NULL</name>
                    <item__PO__ent__PC__ pointer="TRUE" tag="NULL">
                        <name>NULL</name>
                        <attrs SOAP-ENC:Array="[3]">
                            <attrs_ENTRY pointer="TRUE" tag="current page">
                                <name pointer="TRUE" type="6">
                                    <value__PO__cs_val__PC__>current page</value__PO__cs_val__PC__>
                                </name>
                                <value pointer="TRUE" type="1">
                                    <value__PO__i_val__PC__>1</value__PO__i_val__PC__>
                                </value>
                            </attrs_ENTRY>
                            <attrs_ENTRY pointer="TRUE" tag="total pages">
                                <name pointer="TRUE" type="6">
                                    <value__PO__cs_val__PC__>total pages</value__PO__cs_val__PC__>
                                </name>
                                <value pointer="TRUE" type="1">
                                    <value__PO__i_val__PC__>3</value__PO__i_val__PC__>
                                </value>
                            </attrs_ENTRY>
                            <attrs_ENTRY pointer="TRUE" tag="short log">
                                <name pointer="TRUE" type="6">
                                    <value__PO__cs_val__PC__>short log</value__PO__cs_val__PC__>
                                </name>
                                <value pointer="TRUE" type="1">
                                    <value__PO__i_val__PC__>1</value__PO__i_val__PC__>
                                </value>
                            </attrs_ENTRY>
                        </attrs>
                    </item__PO__ent__PC__>
                </items_ENTRY>
                <items_ENTRY item_type="2" pointer="TRUE" tag="Input data">
                    <name pointer="TRUE" type="9">
                        <value__PO__ws_val__PC__>Informations générales</value__PO__ws_val__PC__>
                    </name>
                    <item__PO__ent__PC__ pointer="TRUE" tag="NULL">
                        <name>NULL</name>
                        <attrs SOAP-ENC:Array="[3]">
                            <attrs_ENTRY pointer="TRUE" tag="Interface type">
                                <name pointer="TRUE" type="9">
                                    <value__PO__ws_val__PC__>Type d'interface :</value__PO__ws_val__PC__>
                                </name>
                                <value pointer="TRUE" type="6">
                                    <value__PO__cs_val__PC__>STEP</value__PO__cs_val__PC__>
                                </value>
                            </attrs_ENTRY>
                            <attrs_ENTRY pointer="TRUE" tag="File name">
                                <name pointer="TRUE" type="9">
                                    <value__PO__ws_val__PC__>Nom du fichier :</value__PO__ws_val__PC__>
                                </name>
                                <value pointer="TRUE" type="10">
                                    <value__PO__ws_val__PC__>Z:\Mes documents\SMR\PIST\ServoMoteur\microservo_Reely-S-0008.stp</value__PO__ws_val__PC__>
                                </value>
                            </attrs_ENTRY>
                            <attrs_ENTRY pointer="TRUE" tag="Model name">
                                <name pointer="TRUE" type="9">
                                    <value__PO__ws_val__PC__>Nom du modèle :</value__PO__ws_val__PC__>
                                </name>
                                <value pointer="TRUE" type="10">
                                    <value__PO__ws_val__PC__>MICROSERVO_REELY-S-0008</value__PO__ws_val__PC__>
                                </value>
                            </attrs_ENTRY>
                        </attrs>
                    </item__PO__ent__PC__>
                </items_ENTRY>
                <items_ENTRY item_type="2" pointer="TRUE" tag="Page info 2">
                    <name>NULL</name>
                    <item__PO__ent__PC__ pointer="TRUE" tag="NULL">
                        <name>NULL</name>
                        <attrs SOAP-ENC:Array="[3]">
                            <attrs_ENTRY pointer="TRUE" tag="current page">
                                <name pointer="TRUE" type="6">
                                    <value__PO__cs_val__PC__>current page</value__PO__cs_val__PC__>
                                </name>
                                <value pointer="TRUE" type="1">
                                    <value__PO__i_val__PC__>2</value__PO__i_val__PC__>
                                </value>
                            </attrs_ENTRY>
                            <attrs_ENTRY pointer="TRUE" tag="total pages">
                                <name pointer="TRUE" type="6">
                                    <value__PO__cs_val__PC__>total pages</value__PO__cs_val__PC__>
                                </name>
                                <value pointer="TRUE" type="1">
                                    <value__PO__i_val__PC__>3</value__PO__i_val__PC__>
                                </value>
                            </attrs_ENTRY>
                            <attrs_ENTRY pointer="TRUE" tag="short log">
                                <name pointer="TRUE" type="6">
                                    <value__PO__cs_val__PC__>short log</value__PO__cs_val__PC__>
                                </name>
                                <value pointer="TRUE" type="1">
                                    <value__PO__i_val__PC__>1</value__PO__i_val__PC__>
                                </value>
                            </attrs_ENTRY>
                        </attrs>
                    </item__PO__ent__PC__>
                </items_ENTRY>
                <items_ENTRY item_type="2" pointer="TRUE" tag="Input data 2">
                    <name pointer="TRUE" type="9">
                        <value__PO__ws_val__PC__>Informations générales</value__PO__ws_val__PC__>
                    </name>
                    <item__PO__ent__PC__ pointer="TRUE" tag="NULL">
                        <name>NULL</name>
                        <attrs SOAP-ENC:Array="[3]">
                            <attrs_ENTRY pointer="TRUE" tag="Interface type">
                                <name pointer="TRUE" type="9">
                                    <value__PO__ws_val__PC__>Type d'interface :</value__PO__ws_val__PC__>
                                </name>
                                <value pointer="TRUE" type="6">
                                    <value__PO__cs_val__PC__>STEP</value__PO__cs_val__PC__>
                                </value>
                            </attrs_ENTRY>
                            <attrs_ENTRY pointer="TRUE" tag="File name">
                                <name pointer="TRUE" type="9">
                                    <value__PO__ws_val__PC__>Nom du fichier :</value__PO__ws_val__PC__>
                                </name>
                                <value pointer="TRUE" type="10">
                                    <value__PO__ws_val__PC__>Z:\Mes documents\SMR\PIST\ServoMoteur\microservo_Reely-S-0008.stp</value__PO__ws_val__PC__>
                                </value>
                            </attrs_ENTRY>
                            <attrs_ENTRY pointer="TRUE" tag="Model name">
                                <name pointer="TRUE" type="9">
                                    <value__PO__ws_val__PC__>Nom du modèle :</value__PO__ws_val__PC__>
                                </name>
                                <value pointer="TRUE" type="10">
                                    <value__PO__ws_val__PC__>microservo_Reely-S-0008_1</value__PO__ws_val__PC__>
                                </value>
                            </attrs_ENTRY>
                        </attrs>
                    </item__PO__ent__PC__>
                </items_ENTRY>
                <items_ENTRY item_type="2" pointer="TRUE" tag="Page info 3">
                    <name>NULL</name>
                    <item__PO__ent__PC__ pointer="TRUE" tag="NULL">
                        <name>NULL</name>
                        <attrs SOAP-ENC:Array="[3]">
                            <attrs_ENTRY pointer="TRUE" tag="current page">
                                <name pointer="TRUE" type="6">
                                    <value__PO__cs_val__PC__>current page</value__PO__cs_val__PC__>
                                </name>
                                <value pointer="TRUE" type="1">
                                    <value__PO__i_val__PC__>3</value__PO__i_val__PC__>
                                </value>
                            </attrs_ENTRY>
                            <attrs_ENTRY pointer="TRUE" tag="total pages">
                                <name pointer="TRUE" type="6">
                                    <value__PO__cs_val__PC__>total pages</value__PO__cs_val__PC__>
                                </name>
                                <value pointer="TRUE" type="1">
                                    <value__PO__i_val__PC__>3</value__PO__i_val__PC__>
                                </value>
                            </attrs_ENTRY>
                            <attrs_ENTRY pointer="TRUE" tag="short log">
                                <name pointer="TRUE" type="6">
                                    <value__PO__cs_val__PC__>short log</value__PO__cs_val__PC__>
                                </name>
                                <value pointer="TRUE" type="1">
                                    <value__PO__i_val__PC__>1</value__PO__i_val__PC__>
                                </value>
                            </attrs_ENTRY>
                        </attrs>
                    </item__PO__ent__PC__>
                </items_ENTRY>
                <items_ENTRY item_type="2" pointer="TRUE" tag="Input data 3">
                    <name pointer="TRUE" type="9">
                        <value__PO__ws_val__PC__>Informations générales</value__PO__ws_val__PC__>
                    </name>
                    <item__PO__ent__PC__ pointer="TRUE" tag="NULL">
                        <name>NULL</name>
                        <attrs SOAP-ENC:Array="[3]">
                            <attrs_ENTRY pointer="TRUE" tag="Interface type">
                                <name pointer="TRUE" type="9">
                                    <value__PO__ws_val__PC__>Type d'interface :</value__PO__ws_val__PC__>
                                </name>
                                <value pointer="TRUE" type="6">
                                    <value__PO__cs_val__PC__>STEP</value__PO__cs_val__PC__>
                                </value>
                            </attrs_ENTRY>
                            <attrs_ENTRY pointer="TRUE" tag="File name">
                                <name pointer="TRUE" type="9">
                                    <value__PO__ws_val__PC__>Nom du fichier :</value__PO__ws_val__PC__>
                                </name>
                                <value pointer="TRUE" type="10">
                                    <value__PO__ws_val__PC__>Z:\Mes documents\SMR\PIST\ServoMoteur\microservo_Reely-S-0008.stp</value__PO__ws_val__PC__>
                                </value>
                            </attrs_ENTRY>
                            <attrs_ENTRY pointer="TRUE" tag="Model name">
                                <name pointer="TRUE" type="9">
                                    <value__PO__ws_val__PC__>Nom du modèle :</value__PO__ws_val__PC__>
                                </name>
                                <value pointer="TRUE" type="10">
                                    <value__PO__ws_val__PC__>PRODUCT_1216</value__PO__ws_val__PC__>
                                </value>
                            </attrs_ENTRY>
                        </attrs>
                    </item__PO__ent__PC__>
                </items_ENTRY>
            </items>
        </item__PO__item_set__PC__>
    </item>
</XML_DOCUMENT>
